<?xml version="1.0" encoding="UTF-8"?>
<project-private xmlns="http://www.netbeans.org/ns/project-private/1">
    <editor-bookmarks xmlns="http://www.netbeans.org/ns/editor-bookmarks/2" lastBookmarkId="0"/>
    <open-files xmlns="http://www.netbeans.org/ns/projectui-open-files/2">
        <group>
            <file>file:/C:/Users/ntsan/OneDrive/Documents/NetBeansProjects/ST10444823%20-%20SectionB%20-%20PROG6112/src/st10444823/sectionb/prog6112/ST10444823SectionBPROG6112.java</file>
            <file>file:/C:/Users/ntsan/OneDrive/Documents/NetBeansProjects/ST10444823%20-%20SectionB%20-%20PROG6112/src/st10444823/sectionb/prog6112/student.java</file>
            <file>file:/C:/Users/ntsan/OneDrive/Documents/NetBeansProjects/ST10444823%20-%20SectionB%20-%20PROG6112/test/st10444823/sectionb/prog6112/studentTest.java</file>
        </group>
    </open-files>
</project-private>
